return_id,order_item_id,return_date,refund_amount
1,3384,2026-02-20,26167
2,10966,2026-02-20,52917
3,3094,2026-02-20,81660
4,6222,2026-02-20,52261
5,4131,2026-02-20,11484
6,8280,2026-02-20,87552
7,9249,2026-02-20,127871
8,8634,2026-02-20,159781
9,10821,2026-02-20,12874
10,2978,2026-02-20,99412
11,2158,2026-02-20,196797
12,2975,2026-02-20,81741
13,13785,2026-02-20,81109
14,11160,2026-02-20,100882
15,7485,2026-02-20,35278
16,5404,2026-02-20,102763
17,2117,2026-02-20,48014
18,1248,2026-02-20,307519
19,11913,2026-02-20,42541
20,1169,2026-02-20,50000
21,9674,2026-02-20,151531
22,5705,2026-02-20,59841
23,11666,2026-02-20,8000
24,7167,2026-02-20,109830
25,59,2026-02-20,77836
26,11638,2026-02-20,70589
27,8987,2026-02-20,132184
28,5214,2026-02-20,23263
29,79,2026-02-20,198953
30,12087,2026-02-20,182860
31,10598,2026-02-20,1511
32,14083,2026-02-20,132184
33,4908,2026-02-20,45316
34,3127,2026-02-20,29620
35,11818,2026-02-20,7387
36,10492,2026-02-20,46612
37,1959,2026-02-20,100876
38,7622,2026-02-20,79788
39,11073,2026-02-20,79529
40,5355,2026-02-20,220306
41,1394,2026-02-20,164431
42,4647,2026-02-20,34411
43,12941,2026-02-20,223258
44,10796,2026-02-20,86524
45,3588,2026-02-20,4468
46,11144,2026-02-20,18252
47,12178,2026-02-20,91430
48,13813,2026-02-20,104236
49,10999,2026-02-20,74709
50,11711,2026-02-20,22591
51,13343,2026-02-20,32710
52,12789,2026-02-20,76925
53,5525,2026-02-20,117965
54,1997,2026-02-20,147651
55,11192,2026-02-20,158667
56,4896,2026-02-20,12708
57,12735,2026-02-20,74778
58,6294,2026-02-20,32627
59,7417,2026-02-20,21940
60,10771,2026-02-20,97939
61,14193,2026-02-20,197449
62,8114,2026-02-20,64694
63,6494,2026-02-20,11918
64,1832,2026-02-20,96865
65,5312,2026-02-20,131748
66,1150,2026-02-20,184626
67,8944,2026-02-20,198372
68,3076,2026-02-20,91671
69,7726,2026-02-20,54517
70,8845,2026-02-20,333
71,3642,2026-02-20,34094
72,486,2026-02-20,279073
73,9756,2026-02-20,16381
74,13987,2026-02-20,50431
75,863,2026-02-20,114085
76,10626,2026-02-20,96375
77,1972,2026-02-20,38366
78,6086,2026-02-20,127880
79,2371,2026-02-20,182146
80,11051,2026-02-20,250373
81,12547,2026-02-20,10047
82,12841,2026-02-20,252189
83,9281,2026-02-20,66652
84,7299,2026-02-20,168277
85,5189,2026-02-20,30557
86,14998,2026-02-20,95200
87,1467,2026-02-20,103541
88,6260,2026-02-20,149418
89,2619,2026-02-20,17078
90,2258,2026-02-20,1687
91,14817,2026-02-20,101386
92,11899,2026-02-20,171321
93,687,2026-02-20,64694
94,11884,2026-02-20,82146
95,4518,2026-02-20,32233
96,246,2026-02-20,152752
97,8580,2026-02-20,9356
98,5876,2026-02-20,136663
99,264,2026-02-20,57796
100,9503,2026-02-20,229188
101,2333,2026-02-20,146909
102,3966,2026-02-20,179077
103,11612,2026-02-20,128317
104,9469,2026-02-20,25502
105,8403,2026-02-20,113758
106,14988,2026-02-20,101386
107,9290,2026-02-20,3755
108,8316,2026-02-20,100876
109,8981,2026-02-20,118078
110,11454,2026-02-20,168929
111,4316,2026-02-20,161286
112,453,2026-02-20,26902
113,893,2026-02-20,5309
114,7836,2026-02-20,22897
115,10232,2026-02-20,36960
116,11724,2026-02-20,78408
117,7329,2026-02-20,5096
118,5839,2026-02-20,14540
119,11836,2026-02-20,43140
120,8091,2026-02-20,128370
121,8518,2026-02-20,54850
122,10211,2026-02-20,20093
123,21,2026-02-20,42541
124,12398,2026-02-20,47738
125,1438,2026-02-20,68366
126,13574,2026-02-20,61746
127,8601,2026-02-20,194789
128,5185,2026-02-20,70859
129,8613,2026-02-20,48433
130,4899,2026-02-20,141719
131,4187,2026-02-20,168929
132,4538,2026-02-20,177989
133,13277,2026-02-20,181688
134,3283,2026-02-20,158850
135,9378,2026-02-20,19577
136,3062,2026-02-20,132903
137,4679,2026-02-20,52917
138,9533,2026-02-20,223239
139,11413,2026-02-20,89539
140,5864,2026-02-20,8055
141,14108,2026-02-20,131748
142,9622,2026-02-20,49138
143,14880,2026-02-20,90487
144,9236,2026-02-20,83218
145,892,2026-02-20,184800
146,13777,2026-02-20,46151
147,12552,2026-02-20,12613
148,4779,2026-02-20,91259
149,12747,2026-02-20,133087
150,10042,2026-02-20,142581
151,8584,2026-02-20,171735
152,328,2026-02-20,281548
153,3732,2026-02-20,105133
154,1259,2026-02-20,3363
155,10837,2026-02-20,14118
156,10426,2026-02-20,52319
157,3302,2026-02-20,47738
158,10804,2026-02-20,56080
159,565,2026-02-20,54756
160,13657,2026-02-20,12957
161,530,2026-02-20,154249
162,3370,2026-02-20,64884
163,13138,2026-02-20,54661
164,10636,2026-02-20,45634
165,3784,2026-02-20,51332
166,6002,2026-02-20,70863
167,3085,2026-02-20,39894
168,14542,2026-02-20,119345
169,13160,2026-02-20,31822
170,11163,2026-02-20,54984
171,9786,2026-02-20,40501
172,8556,2026-02-20,43880
173,11153,2026-02-20,128208
174,2746,2026-02-20,34921
175,1395,2026-02-20,152307
176,688,2026-02-20,54158
177,9066,2026-02-20,59365
178,13364,2026-02-20,43243
179,3790,2026-02-20,7589
180,7194,2026-02-20,46619
181,3032,2026-02-20,128370
182,10753,2026-02-20,50769
183,14434,2026-02-20,53821
184,93,2026-02-20,123277
185,11203,2026-02-20,140304
186,725,2026-02-20,85482
187,12657,2026-02-20,134508
188,6139,2026-02-20,104236
189,2445,2026-02-20,32355
190,1695,2026-02-20,15985
191,13693,2026-02-20,25008
192,14399,2026-02-20,39204
193,3074,2026-02-20,45536
194,12130,2026-02-20,100882
195,8799,2026-02-20,34770
196,1606,2026-02-20,10618
197,745,2026-02-20,150354
198,2827,2026-02-20,43464
199,2069,2026-02-20,128317
200,6816,2026-02-20,198477
201,7800,2026-02-20,144121
202,11845,2026-02-20,261304
203,7270,2026-02-20,186476
204,13177,2026-02-20,174604
205,10228,2026-02-20,21952
206,12612,2026-02-20,167430
207,7379,2026-02-20,118730
208,10948,2026-02-20,139857
209,693,2026-02-20,243486
210,14587,2026-02-20,21570
211,10532,2026-02-20,13405
212,9780,2026-02-20,104138
213,1561,2026-02-20,8937
214,5061,2026-02-20,27330
215,10987,2026-02-20,128801
216,5687,2026-02-20,121504
217,6223,2026-02-20,138476
218,4280,2026-02-20,67284
219,4352,2026-02-20,19947
220,4040,2026-02-20,42934
221,2320,2026-02-20,395
222,7246,2026-02-20,93361
223,1809,2026-02-20,136507
224,3262,2026-02-20,114679
225,8360,2026-02-20,25748
226,3199,2026-02-20,41164
227,10154,2026-02-20,206465
228,14172,2026-02-20,151293
229,3753,2026-02-20,43612
230,13040,2026-02-20,85856
231,2374,2026-02-20,4390
232,493,2026-02-20,54984
233,4286,2026-02-20,12874
234,1371,2026-02-20,130391
235,7198,2026-02-20,67254
236,6183,2026-02-20,196033
237,10742,2026-02-20,170665
238,478,2026-02-20,128106
239,12368,2026-02-20,40122
240,4627,2026-02-20,78299
241,11551,2026-02-20,42419
242,615,2026-02-20,173388
243,9750,2026-02-20,333
244,13016,2026-02-20,127871
245,836,2026-02-20,214600
246,13341,2026-02-20,97148
247,4904,2026-02-20,10970
248,4822,2026-02-20,12161
249,1801,2026-02-20,23490
250,10420,2026-02-20,253845
251,197,2026-02-20,149413
252,2300,2026-02-20,51005
253,30,2026-02-20,112063
254,1229,2026-02-20,11484
255,9616,2026-02-20,18031
256,9689,2026-02-20,207083
257,6277,2026-02-20,8967
258,10926,2026-02-20,136266
259,7582,2026-02-20,40802
260,14102,2026-02-20,40555
261,7316,2026-02-20,24156
262,7200,2026-02-20,38515
263,7746,2026-02-20,2222
264,10868,2026-02-20,17560
265,1677,2026-02-20,244848
266,3244,2026-02-20,32664
267,6901,2026-02-20,198588
268,5089,2026-02-20,31822
269,14321,2026-02-20,45382
270,10685,2026-02-20,59621
271,9545,2026-02-20,6354
272,1042,2026-02-20,255057
273,2125,2026-02-20,42069
274,1584,2026-02-20,34770
275,6765,2026-02-20,188824
276,11278,2026-02-20,50769
277,14007,2026-02-20,76305
278,3651,2026-02-20,47738
279,419,2026-02-20,41731
280,4341,2026-02-20,36504
281,5261,2026-02-20,176245
282,4950,2026-02-20,31771
283,12333,2026-02-20,118078
284,11673,2026-02-20,173854
285,14093,2026-02-20,26159
286,3211,2026-02-20,116754
287,3844,2026-02-20,45634
288,14991,2026-02-20,110880
289,6665,2026-02-20,116381
290,3662,2026-02-20,3777
291,10271,2026-02-20,78104
292,4811,2026-02-20,54915
293,8966,2026-02-20,23825
294,5320,2026-02-20,118213
295,7812,2026-02-20,53650
296,8652,2026-02-20,39204
297,9943,2026-02-20,111963
298,8639,2026-02-20,87807
299,2533,2026-02-20,395
300,8484,2026-02-20,166925
301,1908,2026-02-20,9498
302,4115,2026-02-20,11448
303,13145,2026-02-20,96865
304,4632,2026-02-20,100876
305,1115,2026-02-20,9718
306,11466,2026-02-20,17873
307,5695,2026-02-20,9828
308,9230,2026-02-20,31733
309,7877,2026-02-20,79788
310,4604,2026-02-20,34411
311,6011,2026-02-20,91675
312,1482,2026-02-20,16314
313,11962,2026-02-20,36234
314,7398,2026-02-20,85261
315,6235,2026-02-20,28215
316,3995,2026-02-20,45813
317,14787,2026-02-20,138958
318,12572,2026-02-20,55501
319,7678,2026-02-20,39204
320,10739,2026-02-20,5023
321,14185,2026-02-20,127573
322,7769,2026-02-20,36933
323,14902,2026-02-20,121674
324,3339,2026-02-20,3239
325,13798,2026-02-20,115545
326,6337,2026-02-20,100044
327,14637,2026-02-20,46151
328,2086,2026-02-20,88557
329,4636,2026-02-20,41609
330,873,2026-02-20,33565
331,8693,2026-02-20,21947
332,754,2026-02-20,5023
333,13612,2026-02-20,8937
334,6384,2026-02-20,43151
335,10459,2026-02-20,77205
336,288,2026-02-20,75045
337,4621,2026-02-20,45819
338,2118,2026-02-20,68529
339,6860,2026-02-20,279049
340,9485,2026-02-20,221505
341,72,2026-02-20,11231
342,2967,2026-02-20,25117
343,1903,2026-02-20,168929
344,7947,2026-02-20,68190
345,3112,2026-02-20,38859
346,1435,2026-02-20,40277
347,6191,2026-02-20,61912
348,8784,2026-02-20,66696
349,2392,2026-02-20,20092
350,14209,2026-02-20,183277
351,8326,2026-02-20,2957
352,757,2026-02-20,38254
353,5892,2026-02-20,13170
354,10387,2026-02-20,8436
355,12973,2026-02-20,206465
356,11893,2026-02-20,40784
357,2228,2026-02-20,206465
358,7603,2026-02-20,126207
359,12124,2026-02-20,196609
360,13995,2026-02-20,25117
361,940,2026-02-20,14159
362,13552,2026-02-20,16782
363,6457,2026-02-20,5023
364,12783,2026-02-20,47492
365,13012,2026-02-20,85580
366,219,2026-02-20,177113
367,13037,2026-02-20,68451
368,1946,2026-02-20,65874
369,9911,2026-02-20,115687
370,8228,2026-02-20,35044
371,9201,2026-02-20,23263
372,13226,2026-02-20,54517
373,1225,2026-02-20,77532
374,8971,2026-02-20,44497
375,8230,2026-02-20,64999
376,8886,2026-02-20,84839
377,7273,2026-02-20,168135
378,2716,2026-02-20,12475
379,10960,2026-02-20,164369
380,1214,2026-02-20,189591
381,11219,2026-02-20,159781
382,7831,2026-02-20,173914
383,10363,2026-02-20,96027
384,6890,2026-02-20,20383
385,358,2026-02-20,95476
386,6050,2026-02-20,96349
387,6280,2026-02-20,173848
388,12356,2026-02-20,49362
389,1860,2026-02-20,39477
390,13140,2026-02-20,25576
391,14076,2026-02-20,84589
392,4477,2026-02-20,43880
393,13488,2026-02-20,61504
394,6322,2026-02-20,7964
395,7258,2026-02-20,104638
396,5966,2026-02-20,17618
397,7894,2026-02-20,13084
398,2458,2026-02-20,45819
399,13275,2026-02-20,140718
400,2742,2026-02-20,37826
401,13002,2026-02-20,189414
402,8238,2026-02-20,123277
403,6815,2026-02-20,20724
404,6714,2026-02-20,192812
405,14767,2026-02-20,20092
406,561,2026-02-20,89440
407,14275,2026-02-20,33627
408,12851,2026-02-20,75766
409,7118,2026-02-20,198372
410,1549,2026-02-20,168241
411,1382,2026-02-20,41103
412,9044,2026-02-20,19655
413,4917,2026-02-20,9015
414,6932,2026-02-20,209043
415,3022,2026-02-20,46159
416,10787,2026-02-20,59588
417,312,2026-02-20,76305
418,3578,2026-02-20,46768
419,4711,2026-02-20,181304
420,2153,2026-02-20,215048
421,2723,2026-02-20,264749
422,5020,2026-02-20,22843
423,9018,2026-02-20,141073
424,4815,2026-02-20,6478
425,10882,2026-02-20,88660
426,6990,2026-02-20,160739
427,9637,2026-02-20,62822
428,3264,2026-02-20,5873
429,3644,2026-02-20,123824
430,14385,2026-02-20,191830
431,8908,2026-02-20,18533
432,9141,2026-02-20,102023
433,13756,2026-02-20,70859
434,10081,2026-02-20,32991
435,14058,2026-02-20,61504
436,6848,2026-02-20,97148
437,8810,2026-02-20,233212
438,7119,2026-02-20,41731
439,8193,2026-02-20,100044
440,13600,2026-02-20,199913
441,4688,2026-02-20,43464
442,5732,2026-02-20,185736
443,2029,2026-02-20,9015
444,658,2026-02-20,223239
445,4926,2026-02-20,35179
446,6078,2026-02-20,32221
447,7098,2026-02-20,71607
448,2382,2026-02-20,85867
449,1450,2026-02-20,284908
450,7872,2026-02-20,246645
451,130,2026-02-20,22217
452,10447,2026-02-20,11448
453,637,2026-02-20,213041
454,1051,2026-02-20,77100
455,4241,2026-02-20,82207
456,13529,2026-02-20,25748
457,1613,2026-02-20,21940
458,13267,2026-02-20,88861
459,13514,2026-02-20,56982
460,1097,2026-02-20,134308
461,10939,2026-02-20,133392
462,13727,2026-02-20,32221
463,11015,2026-02-20,10047
464,9702,2026-02-20,16381
465,427,2026-02-20,38763
466,6821,2026-02-20,152830
467,2188,2026-02-20,20646
468,142,2026-02-20,22966
469,1569,2026-02-20,119372
470,9877,2026-02-20,20724
471,2807,2026-02-20,168241
472,3676,2026-02-20,103526
473,5821,2026-02-20,42630
474,12507,2026-02-20,56636
475,13948,2026-02-20,627
476,10095,2026-02-20,37919
477,14068,2026-02-20,112059
478,7740,2026-02-20,75839
479,14819,2026-02-20,37354
480,13609,2026-02-20,78644
481,5805,2026-02-20,221811
482,9001,2026-02-20,50000
483,351,2026-02-20,59060
484,1413,2026-02-20,20294
485,8825,2026-02-20,36960
486,6301,2026-02-20,151531
487,12970,2026-02-20,15384
488,7052,2026-02-20,45554
489,9989,2026-02-20,666
490,185,2026-02-20,199913
491,4409,2026-02-20,75766
492,11767,2026-02-20,93536
493,14312,2026-02-20,30566
494,11212,2026-02-20,2044
495,5842,2026-02-20,88195
496,11759,2026-02-20,4653
497,1915,2026-02-20,198588
498,5745,2026-02-20,132855
499,967,2026-02-20,140390
500,13361,2026-02-20,10209
501,1702,2026-02-20,78306
502,4682,2026-02-20,61307
503,8258,2026-02-20,40555
504,7898,2026-02-20,92501
505,2391,2026-02-20,52806
506,13809,2026-02-20,81237
507,1475,2026-02-20,107524
508,1751,2026-02-20,48970
509,10301,2026-02-20,19140
510,2655,2026-02-20,38254
511,2475,2026-02-20,221811
512,14910,2026-02-20,97148
513,3964,2026-02-20,89440
514,4087,2026-02-20,62116
515,2838,2026-02-20,149052
516,877,2026-02-20,14159
517,14863,2026-02-20,82210
518,9573,2026-02-20,65525
519,5172,2026-02-20,20418
520,4887,2026-02-20,117620
521,12373,2026-02-20,61764
522,4622,2026-02-20,252154
523,4204,2026-02-20,42934
524,11975,2026-02-20,32079
525,4480,2026-02-20,22301
526,10707,2026-02-20,20277
527,14429,2026-02-20,24323
528,8131,2026-02-20,25946
529,5463,2026-02-20,49501
530,9151,2026-02-20,147766
531,4302,2026-02-20,118121
532,6058,2026-02-20,68720
533,1642,2026-02-20,90825
534,4084,2026-02-20,104348
535,8101,2026-02-20,123084
536,13621,2026-02-20,76305
537,14771,2026-02-20,19577
538,1705,2026-02-20,74971
539,8624,2026-02-20,40501
540,13643,2026-02-20,39311
541,9529,2026-02-20,7413
542,4326,2026-02-20,48697
543,3455,2026-02-20,2018
544,12683,2026-02-20,231184
545,10590,2026-02-20,18913
546,5498,2026-02-20,39983
547,5510,2026-02-20,20705
548,8336,2026-02-20,39604
549,4185,2026-02-20,12613
550,5651,2026-02-20,28337
551,2485,2026-02-20,45686
552,13881,2026-02-20,51627
553,221,2026-02-20,41073
554,7722,2026-02-20,193831
555,3277,2026-02-20,39983
556,2214,2026-02-20,137057
557,9586,2026-02-20,173388
558,6834,2026-02-20,25576
559,6279,2026-02-20,45422
560,11269,2026-02-20,120437
561,2171,2026-02-20,101386
562,9050,2026-02-20,9388
563,13087,2026-02-20,88085
564,3709,2026-02-20,139837
565,9311,2026-02-20,1332
566,7220,2026-02-20,69842
567,6413,2026-02-20,152610
568,11138,2026-02-20,75652
569,3769,2026-02-20,49981
570,13559,2026-02-20,18972
571,10403,2026-02-20,86665
572,5870,2026-02-20,141727
573,2906,2026-02-20,123084
574,3540,2026-02-20,221797
575,9364,2026-02-20,8780
576,1991,2026-02-20,29813
577,2481,2026-02-20,220995
578,5647,2026-02-20,1186
579,2646,2026-02-20,145562
580,4643,2026-02-20,86045
581,10812,2026-02-20,77836
582,13775,2026-02-20,130391
583,7017,2026-02-20,57796
584,14605,2026-02-20,22452
585,12195,2026-02-20,139078
586,3727,2026-02-20,192812
587,706,2026-02-20,14773
588,13729,2026-02-20,164369
589,4706,2026-02-20,38515
590,1228,2026-02-20,35430
591,3967,2026-02-20,47492
592,7473,2026-02-20,221392
593,3255,2026-02-20,15313
594,45,2026-02-20,5108
595,7517,2026-02-20,177159
596,2605,2026-02-20,87788
597,1736,2026-02-20,156782
598,7541,2026-02-20,140718
599,2666,2026-02-20,53423
600,4447,2026-02-20,56310
601,14119,2026-02-20,168241
602,1103,2026-02-20,243486
603,4525,2026-02-20,59060
604,1744,2026-02-20,4361
605,718,2026-02-20,87552
606,10086,2026-02-20,45559
607,5495,2026-02-20,45316
608,6515,2026-02-20,127573
609,14179,2026-02-20,119948
610,10875,2026-02-20,63467
611,3879,2026-02-20,71607
612,14183,2026-02-20,15660
613,10266,2026-02-20,266302
614,9176,2026-02-20,19140
615,6628,2026-02-20,45382
616,2144,2026-02-20,123084
617,12866,2026-02-20,1345
618,12297,2026-02-20,24323
619,12767,2026-02-20,102304
620,10166,2026-02-20,31086
621,9202,2026-02-20,46642
622,10533,2026-02-20,198477
623,3378,2026-02-20,135947
624,10907,2026-02-20,42528
625,9062,2026-02-20,76305
626,1796,2026-02-20,54517
627,11243,2026-02-20,252184
628,13481,2026-02-20,97326
629,12242,2026-02-20,136266
630,6263,2026-02-20,290953
631,3898,2026-02-20,57796
632,3046,2026-02-20,22160
633,153,2026-02-20,40277
634,10591,2026-02-20,145043
635,8995,2026-02-20,31320
636,8983,2026-02-20,50000
637,1564,2026-02-20,139857
638,9430,2026-02-20,122264
639,2351,2026-02-20,19882
640,1298,2026-02-20,68720
641,10521,2026-02-20,164369
642,604,2026-02-20,8391
643,2760,2026-02-20,25642
644,11989,2026-02-20,125194
645,2892,2026-02-20,118431
646,10684,2026-02-20,136266
647,11463,2026-02-20,8888
648,4026,2026-02-20,62519
649,8802,2026-02-20,25576
650,7696,2026-02-20,296411
651,11591,2026-02-20,32710
652,1865,2026-02-20,109322
653,5719,2026-02-20,35126
654,11966,2026-02-20,192812
655,8873,2026-02-20,51332
656,13258,2026-02-20,69539
657,382,2026-02-20,105344
658,11608,2026-02-20,35911
659,3398,2026-02-20,213951
660,14687,2026-02-20,6237
661,2996,2026-02-20,63771
662,8630,2026-02-20,153399
663,425,2026-02-20,15911
664,7286,2026-02-20,55980
665,5798,2026-02-20,88994
666,10622,2026-02-20,6133
667,580,2026-02-20,42934
668,4891,2026-02-20,59588
669,1500,2026-02-20,91073
670,13285,2026-02-20,7270
671,12089,2026-02-20,68188
672,11146,2026-02-20,34411
673,7878,2026-02-20,210346
674,13271,2026-02-20,136609
675,14459,2026-02-20,1332
676,10810,2026-02-20,79788
677,748,2026-02-20,95903
678,4455,2026-02-20,290953
679,3208,2026-02-20,154249
680,4452,2026-02-20,34504
681,397,2026-02-20,189597
682,6234,2026-02-20,81991
683,3134,2026-02-20,20553
684,5513,2026-02-20,170915
685,4489,2026-02-20,138982
686,1650,2026-02-20,12957
687,4041,2026-02-20,19063
688,9432,2026-02-20,3777
689,8067,2026-02-20,93238
690,5136,2026-02-20,94565
691,5156,2026-02-20,113347
692,10620,2026-02-20,252154
693,8415,2026-02-20,151531
694,13281,2026-02-20,29363
695,14706,2026-02-20,152610
696,9585,2026-02-20,236030
697,5803,2026-02-20,85055
698,1761,2026-02-20,45939
699,5625,2026-02-20,155672
700,5164,2026-02-20,59891
701,5574,2026-02-20,78954
702,10244,2026-02-20,34890
703,948,2026-02-20,221505
704,11094,2026-02-20,5873
705,2260,2026-02-20,333
706,827,2026-02-20,81944
707,5441,2026-02-20,87816
708,1599,2026-02-20,175574
709,10356,2026-02-20,182217
710,2256,2026-02-20,7511
711,14700,2026-02-20,89440
712,9316,2026-02-20,666
713,1766,2026-02-20,181263
714,2528,2026-02-20,72262
715,1545,2026-02-20,148087
716,2676,2026-02-20,79965
717,6985,2026-02-20,82215
718,13027,2026-02-20,189597
719,11721,2026-02-20,261304
720,14483,2026-02-20,102763
721,5325,2026-02-20,104023
722,894,2026-02-20,40000
723,3440,2026-02-20,67255
724,11753,2026-02-20,200924
725,11206,2026-02-20,85856
726,11050,2026-02-20,73920
727,3048,2026-02-20,161286
728,11368,2026-02-20,91430
729,11689,2026-02-20,186569
730,12348,2026-02-20,39718
731,14045,2026-02-20,31885
732,14653,2026-02-20,118564
733,3150,2026-02-20,247966
734,3620,2026-02-20,92501
735,3148,2026-02-20,31885
736,14027,2026-02-20,140390
737,11322,2026-02-20,88602
738,1121,2026-02-20,126884
739,12627,2026-02-20,176245
740,3787,2026-02-20,134508
741,12623,2026-02-20,31970
742,1124,2026-02-20,50107
743,7919,2026-02-20,77836
744,13006,2026-02-20,74709
745,7827,2026-02-20,91698
746,11489,2026-02-20,16173
747,8052,2026-02-20,124952
748,7357,2026-02-20,36349
749,5337,2026-02-20,151310
750,7504,2026-02-20,175574
751,13799,2026-02-20,172518
752,6770,2026-02-20,44278
753,11342,2026-02-20,29213
754,7428,2026-02-20,127871
755,7736,2026-02-20,100215
756,7442,2026-02-20,46642
757,559,2026-02-20,170915
758,5496,2026-02-20,58461
759,6293,2026-02-20,89095
760,137,2026-02-20,209043
761,8147,2026-02-20,25417
762,3537,2026-02-20,194789
763,9685,2026-02-20,64694
764,10281,2026-02-20,37826
765,10933,2026-02-20,68720
766,4828,2026-02-20,106289
767,6435,2026-02-20,151531
768,5165,2026-02-20,48175
769,4981,2026-02-20,99009
770,9162,2026-02-20,24166
771,8083,2026-02-20,6749
772,850,2026-02-20,15911
773,4524,2026-02-20,145298
774,7226,2026-02-20,100873
775,3762,2026-02-20,15441
776,13415,2026-02-20,74778
777,10806,2026-02-20,1255
778,6171,2026-02-20,42790
779,11393,2026-02-20,35615
780,7551,2026-02-20,22897
781,7951,2026-02-20,111629
782,11452,2026-02-20,120366
783,2699,2026-02-20,158871
784,4364,2026-02-20,52261
785,10096,2026-02-20,27046
786,13707,2026-02-20,214669
787,10354,2026-02-20,4390
788,6717,2026-02-20,68836
789,11248,2026-02-20,97326
790,8396,2026-02-20,34610
791,6954,2026-02-20,68254
792,7201,2026-02-20,22966
793,12218,2026-02-20,91961
794,13920,2026-02-20,15178
795,1043,2026-02-20,66904
796,12292,2026-02-20,205539
797,4254,2026-02-20,114849
798,2446,2026-02-20,10903
799,6303,2026-02-20,82146
800,2109,2026-02-20,230793
801,10502,2026-02-20,3681
802,8801,2026-02-20,202506
803,925,2026-02-20,135947
804,14684,2026-02-20,11231
805,1096,2026-02-20,102566
806,14772,2026-02-20,21888
807,12677,2026-02-20,51011
808,12002,2026-02-20,91675
809,12795,2026-02-20,76925
810,7512,2026-02-20,99641
811,14253,2026-02-20,25417
812,54,2026-02-20,74862
813,10845,2026-02-20,221392
814,10196,2026-02-20,112059
815,6529,2026-02-20,113347
816,656,2026-02-20,45686
817,11159,2026-02-20,144041
818,1282,2026-02-20,41731
819,9662,2026-02-20,7270
820,11578,2026-02-20,54517
821,9755,2026-02-20,103526
822,10179,2026-02-20,107300
823,14363,2026-02-20,8421
824,14005,2026-02-20,8888
825,12771,2026-02-20,88719
826,8207,2026-02-20,170469
827,2364,2026-02-20,108331
828,14393,2026-02-20,29483
829,6625,2026-02-20,29363
830,14514,2026-02-20,190108
831,8927,2026-02-20,140304
832,1690,2026-02-20,153034
833,621,2026-02-20,186766
834,14100,2026-02-20,91671
835,13316,2026-02-20,46642
836,6698,2026-02-20,130391
837,10377,2026-02-20,51810
838,11978,2026-02-20,104703
839,4690,2026-02-20,205517
840,12521,2026-02-20,81906
841,10639,2026-02-20,14773
842,12132,2026-02-20,15312
843,14213,2026-02-20,74642
844,9936,2026-02-20,20093
845,1518,2026-02-20,3755
846,8549,2026-02-20,102399
847,14927,2026-02-20,59588
848,6920,2026-02-20,30566
849,1943,2026-02-20,170808
850,12418,2026-02-20,8649
851,5923,2026-02-20,210346
852,14750,2026-02-20,159930
853,4117,2026-02-20,11295
854,9888,2026-02-20,113531
855,14053,2026-02-20,128370
856,7012,2026-02-20,17873
857,14101,2026-02-20,58461
858,9912,2026-02-20,186772
859,14353,2026-02-20,177449
860,5268,2026-02-20,12613
861,2240,2026-02-20,18242
862,9429,2026-02-20,100881
863,4086,2026-02-20,208656
864,6643,2026-02-20,81991
865,8394,2026-02-20,37839
866,4262,2026-02-20,54661
867,7077,2026-02-20,99961
868,644,2026-02-20,15178
869,9873,2026-02-20,144041
870,3149,2026-02-20,99641
871,2032,2026-02-20,175574
872,6350,2026-02-20,17563
873,3631,2026-02-20,96349
874,6296,2026-02-20,7387
875,8273,2026-02-20,82586
876,5180,2026-02-20,38766
877,5797,2026-02-20,76919
878,3526,2026-02-20,20582
879,605,2026-02-20,4468
880,14734,2026-02-20,18913
881,4565,2026-02-20,77719
882,12843,2026-02-20,225607
883,4235,2026-02-20,177438
884,3607,2026-02-20,209043
885,5666,2026-02-20,7589
886,4335,2026-02-20,160396
887,5000,2026-02-20,138476
888,7325,2026-02-20,88719
889,210,2026-02-20,132835
890,7354,2026-02-20,190762
891,1653,2026-02-20,122612
892,4832,2026-02-20,15384
893,318,2026-02-20,3831
894,12865,2026-02-20,4018
895,432,2026-02-20,22843
896,11592,2026-02-20,280402
897,10920,2026-02-20,55980
898,12535,2026-02-20,55501
899,10189,2026-02-20,72262
900,14569,2026-02-20,222486
901,10839,2026-02-20,220306
902,14600,2026-02-20,8000
903,8449,2026-02-20,64158
904,1367,2026-02-20,61535
905,6935,2026-02-20,111087
906,3635,2026-02-20,98811
907,7762,2026-02-20,139078
908,1733,2026-02-20,186449
909,9902,2026-02-20,85261
910,1806,2026-02-20,30895
911,1324,2026-02-20,46619
912,4421,2026-02-20,4444
913,4281,2026-02-20,45077
914,14217,2026-02-20,45244
915,8430,2026-02-20,47671
916,2970,2026-02-20,21994
917,3538,2026-02-20,22907
918,5280,2026-02-20,32185
919,10940,2026-02-20,62414
920,11042,2026-02-20,33627
921,479,2026-02-20,107734
922,4561,2026-02-20,201747
923,2882,2026-02-20,6354
924,8681,2026-02-20,225607
925,4309,2026-02-20,1277
926,7690,2026-02-20,24751
927,1350,2026-02-20,104309
928,9138,2026-02-20,126933
929,10007,2026-02-20,45715
930,11953,2026-02-20,190108
931,9555,2026-02-20,86927
932,12059,2026-02-20,43904
933,4903,2026-02-20,65856
934,2455,2026-02-20,155065
935,719,2026-02-20,140177
936,14066,2026-02-20,290953
937,11183,2026-02-20,113650
938,14866,2026-02-20,45460
939,5783,2026-02-20,172518
940,4818,2026-02-20,78408
941,600,2026-02-20,22730
942,13761,2026-02-20,39153
943,11416,2026-02-20,170521
944,5186,2026-02-20,72522
945,12698,2026-02-20,61658
946,10055,2026-02-20,32233
947,13300,2026-02-20,121504
948,10929,2026-02-20,11231
949,6164,2026-02-20,3831
950,10101,2026-02-20,22591
951,7565,2026-02-20,203
952,6802,2026-02-20,59282
953,14174,2026-02-20,67255
954,9575,2026-02-20,81991
955,2356,2026-02-20,132597
956,10285,2026-02-20,85055
957,12556,2026-02-20,46979
958,11478,2026-02-20,114849
959,5319,2026-02-20,32937
960,12258,2026-02-20,81109
961,12630,2026-02-20,63756
962,8816,2026-02-20,1186
963,14466,2026-02-20,254587
964,13627,2026-02-20,67255
965,11764,2026-02-20,7964
966,7879,2026-02-20,1581
967,12580,2026-02-20,107524
968,4317,2026-02-20,50431
969,327,2026-02-20,53762
970,13472,2026-02-20,205366
971,10106,2026-02-20,40122
972,7455,2026-02-20,48175
973,12069,2026-02-20,999
974,14761,2026-02-20,52950
975,598,2026-02-20,130391
976,6645,2026-02-20,135395
977,4985,2026-02-20,2044
978,12801,2026-02-20,50000
979,2615,2026-02-20,170808
980,5813,2026-02-20,117620
981,7996,2026-02-20,19947
982,6425,2026-02-20,120437
983,4736,2026-02-20,17873
984,7205,2026-02-20,43332
985,3531,2026-02-20,8178
986,9817,2026-02-20,34094
987,10785,2026-02-20,43776
988,12688,2026-02-20,85867
989,4743,2026-02-20,91675
990,13060,2026-02-20,109034
991,5236,2026-02-20,193731
992,5978,2026-02-20,63935
993,3161,2026-02-20,86665
994,6134,2026-02-20,97395
995,12138,2026-02-20,157908
996,3485,2026-02-20,72522
997,11857,2026-02-20,139949
998,4992,2026-02-20,44199
999,4885,2026-02-20,70089
1000,523,2026-02-20,114533
1001,7497,2026-02-20,124481
1002,9988,2026-02-20,8937
1003,9130,2026-02-20,42494
1004,5655,2026-02-20,73920
1005,14919,2026-02-20,56982
1006,1239,2026-02-20,41105
1007,315,2026-02-20,95656
1008,7373,2026-02-20,51627
1009,3878,2026-02-20,254587
1010,13193,2026-02-20,140390
1011,9528,2026-02-20,21666
1012,6687,2026-02-20,122405
1013,3674,2026-02-20,42541
1014,247,2026-02-20,9015
1015,2367,2026-02-20,91671
1016,5375,2026-02-20,15070
1017,14888,2026-02-20,20705
1018,12831,2026-02-20,268250
1019,12791,2026-02-20,30895
1020,13103,2026-02-20,99009
1021,9736,2026-02-20,16314
1022,3122,2026-02-20,93238
1023,8786,2026-02-20,2957
1024,13401,2026-02-20,73964
1025,487,2026-02-20,31771
1026,7549,2026-02-20,4444
1027,14085,2026-02-20,11231
1028,5838,2026-02-20,157287
1029,9834,2026-02-20,59588
1030,14129,2026-02-20,106289
1031,4797,2026-02-20,74709
1032,8504,2026-02-20,113758
1033,12785,2026-02-20,29936
1034,14462,2026-02-20,119086
1035,4016,2026-02-20,89431
1036,5642,2026-02-20,208995
1037,83,2026-02-20,11918
1038,2779,2026-02-20,33214
1039,13682,2026-02-20,118730
1040,11880,2026-02-20,16821
1041,10805,2026-02-20,29230
1042,926,2026-02-20,118121
1043,14870,2026-02-20,38152
1044,9220,2026-02-20,111959
1045,1459,2026-02-20,164685
1046,624,2026-02-20,176796
1047,7891,2026-02-20,100862
1048,14386,2026-02-20,137458
1049,11396,2026-02-20,51771
1050,918,2026-02-20,39695
1051,11260,2026-02-20,95651
1052,10456,2026-02-20,141727
1053,2491,2026-02-20,46642
1054,14612,2026-02-20,90487
1055,6705,2026-02-20,11745
1056,638,2026-02-20,91675
1057,11008,2026-02-20,21940
1058,1986,2026-02-20,49501
1059,1648,2026-02-20,74778
1060,7040,2026-02-20,34127
1061,10624,2026-02-20,14973
1062,1990,2026-02-20,6354
1063,568,2026-02-20,127623
1064,7852,2026-02-20,21950
1065,14584,2026-02-20,232762
1066,6887,2026-02-20,30441
1067,12838,2026-02-20,102910
1068,835,2026-02-20,89539
1069,9794,2026-02-20,21575
1070,9187,2026-02-20,226579
1071,1265,2026-02-20,120554
1072,871,2026-02-20,50438
1073,3060,2026-02-20,8037
1074,1566,2026-02-20,22274
1075,10167,2026-02-20,154060
1076,587,2026-02-20,45536
1077,12887,2026-02-20,85482
1078,11631,2026-02-20,6135
1079,4513,2026-02-20,109830
1080,813,2026-02-20,77205
1081,4911,2026-02-20,23835
1082,12142,2026-02-20,44199
1083,7755,2026-02-20,99961
1084,10952,2026-02-20,9015
1085,365,2026-02-20,22452
1086,14987,2026-02-20,115545
1087,667,2026-02-20,53260
1088,1812,2026-02-20,88123
1089,12739,2026-02-20,30441
1090,9954,2026-02-20,61114
1091,10256,2026-02-20,34264
1092,2325,2026-02-20,25117
1093,8741,2026-02-20,34183
1094,1359,2026-02-20,188824
1095,13250,2026-02-20,66696
1096,1601,2026-02-20,25015
1097,3332,2026-02-20,12504
1098,4941,2026-02-20,32347
1099,611,2026-02-20,57796
1100,7677,2026-02-20,175897
1101,1196,2026-02-20,1976
1102,10917,2026-02-20,20383
1103,6335,2026-02-20,37588
1104,14292,2026-02-20,11231
1105,9411,2026-02-20,141727
1106,11405,2026-02-20,16314
1107,13410,2026-02-20,104763
1108,1881,2026-02-20,52319
1109,2076,2026-02-20,203669
1110,6563,2026-02-20,76732
1111,13284,2026-02-20,16000
1112,6318,2026-02-20,167430
1113,7085,2026-02-20,9738
1114,5212,2026-02-20,64884
1115,938,2026-02-20,105900
1116,7895,2026-02-20,68775
1117,13458,2026-02-20,32233
1118,367,2026-02-20,2454
1119,2865,2026-02-20,93238
1120,8745,2026-02-20,212705
1121,9813,2026-02-20,91109
1122,4826,2026-02-20,177113
1123,9851,2026-02-20,149052
1124,15000,2026-02-20,59626
1125,4662,2026-02-20,102304
1126,9468,2026-02-20,47527
1127,3563,2026-02-20,43894
1128,11984,2026-02-20,78478
1129,13625,2026-02-20,66696
1130,5345,2026-02-20,8780
1131,7856,2026-02-20,42295
1132,14722,2026-02-20,5309
1133,12024,2026-02-20,152784
1134,12051,2026-02-20,64999
1135,13394,2026-02-20,28318
1136,8939,2026-02-20,155054
1137,7631,2026-02-20,97939
1138,5669,2026-02-20,49981
1139,8517,2026-02-20,237748
1140,8662,2026-02-20,18223
1141,13617,2026-02-20,7387
1142,14956,2026-02-20,29810
1143,7804,2026-02-20,77100
1144,2324,2026-02-20,15070
1145,7553,2026-02-20,56080
1146,3698,2026-02-20,791
1147,14013,2026-02-20,100873
1148,2591,2026-02-20,201724
1149,13790,2026-02-20,34783
1150,12548,2026-02-20,8722
1151,228,2026-02-20,74257
1152,6785,2026-02-20,38260
1153,12072,2026-02-20,246645
1154,5276,2026-02-20,176796
1155,8924,2026-02-20,102380
1156,5741,2026-02-20,4361
1157,13758,2026-02-20,64392
1158,11325,2026-02-20,37839
1159,6684,2026-02-20,53423
1160,8738,2026-02-20,22341
1161,14883,2026-02-20,147927
1162,1458,2026-02-20,32864
1163,14354,2026-02-20,62639
1164,6953,2026-02-20,170915
1165,10131,2026-02-20,197385
1166,3511,2026-02-20,44547
1167,11803,2026-02-20,190108
1168,5124,2026-02-20,13405
1169,8219,2026-02-20,23835
1170,12820,2026-02-20,222486
1171,5047,2026-02-20,78018
1172,1792,2026-02-20,196019
1173,5030,2026-02-20,77100
1174,7151,2026-02-20,139131
1175,9714,2026-02-20,146092
1176,8009,2026-02-20,138958
1177,12989,2026-02-20,116299
1178,14934,2026-02-20,24990
1179,2581,2026-02-20,213041
1180,8040,2026-02-20,14159
1181,3099,2026-02-20,10047
1182,4011,2026-02-20,48688
1183,1060,2026-02-20,20294
1184,3503,2026-02-20,69007
1185,14493,2026-02-20,9076
1186,3922,2026-02-20,136507
1187,5364,2026-02-20,31970
1188,4587,2026-02-20,78104
1189,9832,2026-02-20,158781
1190,10525,2026-02-20,201751
1191,10809,2026-02-20,1581
1192,3758,2026-02-20,180485
1193,8464,2026-02-20,43464
1194,993,2026-02-20,112765
1195,8132,2026-02-20,87691
1196,8933,2026-02-20,88660
1197,5024,2026-02-20,44435
1198,11131,2026-02-20,181304
1199,4836,2026-02-20,73920
1200,3337,2026-02-20,37839
1201,5452,2026-02-20,41448
1202,10542,2026-02-20,132597
1203,13848,2026-02-20,10955
1204,10866,2026-02-20,68775
1205,4055,2026-02-20,93361
1206,1305,2026-02-20,149052
1207,6686,2026-02-20,125269
1208,1337,2026-02-20,45382
1209,6841,2026-02-20,71231
1210,13322,2026-02-20,34387
1211,11948,2026-02-20,137145
1212,36,2026-02-20,114849
1213,10307,2026-02-20,250002
1214,2812,2026-02-20,52249
1215,744,2026-02-20,75177
1216,9519,2026-02-20,137145
1217,1078,2026-02-20,46151
1218,14012,2026-02-20,156782
1219,7415,2026-02-20,50030
1220,7307,2026-02-20,37826
1221,3768,2026-02-20,220995
1222,13710,2026-02-20,65874
1223,12322,2026-02-20,92501
1224,10338,2026-02-20,119372
1225,12167,2026-02-20,104236
1226,14680,2026-02-20,188824
1227,13335,2026-02-20,110945
1228,1449,2026-02-20,63065
1229,2540,2026-02-20,225607
1230,9383,2026-02-20,77527
1231,6577,2026-02-20,116290
1232,14073,2026-02-20,109735
1233,12859,2026-02-20,44547
1234,5161,2026-02-20,128801
1235,1485,2026-02-20,48970
1236,14703,2026-02-20,38366
1237,14818,2026-02-20,82821
1238,14669,2026-02-20,138476
1239,3680,2026-02-20,3137
1240,3325,2026-02-20,114457
1241,5645,2026-02-20,139683
1242,14430,2026-02-20,172518
1243,13159,2026-02-20,69566
1244,14044,2026-02-20,9076
1245,1266,2026-02-20,142581
1246,11181,2026-02-20,39153
1247,9327,2026-02-20,89431
1248,13184,2026-02-20,211799
1249,11429,2026-02-20,13405
1250,6421,2026-02-20,100060
1251,13618,2026-02-20,102399
1252,6328,2026-02-20,128223
1253,7787,2026-02-20,38152
1254,8669,2026-02-20,48697
1255,3281,2026-02-20,8967
1256,4271,2026-02-20,8780
1257,11241,2026-02-20,25417
1258,6339,2026-02-20,49593
1259,11414,2026-02-20,96081
1260,492,2026-02-20,22591
1261,8831,2026-02-20,82146
1262,5221,2026-02-20,15070
1263,1786,2026-02-20,11383
1264,1864,2026-02-20,147987
1265,4270,2026-02-20,104309
1266,13902,2026-02-20,246015
1267,3185,2026-02-20,190198
1268,9746,2026-02-20,29230
1269,7958,2026-02-20,66652
1270,12718,2026-02-20,78954
1271,6554,2026-02-20,43904
1272,982,2026-02-20,127623
1273,4307,2026-02-20,16782
1274,11825,2026-02-20,92501
1275,6509,2026-02-20,2018
1276,1798,2026-02-20,75177
1277,4738,2026-02-20,120554
1278,10613,2026-02-20,135947
1279,10134,2026-02-20,252184
1280,8625,2026-02-20,162232
1281,6904,2026-02-20,37126
1282,14309,2026-02-20,159838
1283,7999,2026-02-20,6354
1284,2225,2026-02-20,166068
1285,1519,2026-02-20,247647
1286,13305,2026-02-20,119948
1287,91,2026-02-20,30404
1288,8720,2026-02-20,85055
1289,3484,2026-02-20,102380
1290,2177,2026-02-20,74706
1291,13977,2026-02-20,333
1292,7132,2026-02-20,65874
1293,4865,2026-02-20,132835
1294,14758,2026-02-20,25226
1295,2316,2026-02-20,3363
1296,5219,2026-02-20,33348
1297,7431,2026-02-20,30441
1298,689,2026-02-20,112059
1299,2529,2026-02-20,93536
1300,13370,2026-02-20,50452
1301,14559,2026-02-20,226579
1302,1206,2026-02-20,264749
1303,546,2026-02-20,155054
1304,1571,2026-02-20,164413
1305,12511,2026-02-20,46768
1306,13004,2026-02-20,202506
1307,7591,2026-02-20,63756
1308,1784,2026-02-20,85082
1309,8446,2026-02-20,52249
1310,7511,2026-02-20,10147
1311,10188,2026-02-20,132184
1312,3500,2026-02-20,162209
1313,6111,2026-02-20,116290
1314,7034,2026-02-20,177113
1315,6203,2026-02-20,10192
1316,13637,2026-02-20,185736
1317,7190,2026-02-20,169179
1318,9137,2026-02-20,56429
1319,1647,2026-02-20,173848
1320,10599,2026-02-20,109830
1321,12743,2026-02-20,21807
1322,6051,2026-02-20,80731
1323,6845,2026-02-20,49329
1324,4127,2026-02-20,17297
1325,14792,2026-02-20,116299
1326,12312,2026-02-20,15384
1327,4528,2026-02-20,147766
1328,7099,2026-02-20,197385
1329,7360,2026-02-20,86524
1330,8955,2026-02-20,91626
1331,3536,2026-02-20,223239
1332,5370,2026-02-20,11109
1333,971,2026-02-20,5615
1334,3131,2026-02-20,77125
1335,8742,2026-02-20,35911
1336,9783,2026-02-20,16782
1337,10719,2026-02-20,123761
1338,4266,2026-02-20,78018
1339,13925,2026-02-20,44497
1340,3618,2026-02-20,16073
1341,1795,2026-02-20,8888
1342,10755,2026-02-20,147082
1343,8554,2026-02-20,21575
1344,3597,2026-02-20,95301
1345,979,2026-02-20,22341
1346,1879,2026-02-20,17445
1347,2678,2026-02-20,98724
1348,11835,2026-02-20,132903
1349,3363,2026-02-20,39695
1350,12423,2026-02-20,88123
1351,13981,2026-02-20,109322
1352,5944,2026-02-20,106289
1353,5420,2026-02-20,4018
1354,13930,2026-02-20,53423
1355,4256,2026-02-20,152610
1356,9827,2026-02-20,78954
1357,10776,2026-02-20,38226
1358,13711,2026-02-20,333
1359,3045,2026-02-20,4653
1360,5820,2026-02-20,77532
1361,7095,2026-02-20,127542
1362,6252,2026-02-20,105133
1363,14246,2026-02-20,5023
1364,13850,2026-02-20,51011
1365,2380,2026-02-20,116921
1366,8472,2026-02-20,68720
1367,2907,2026-02-20,1255
1368,5843,2026-02-20,83763
1369,11287,2026-02-20,139949
1370,7237,2026-02-20,86927
1371,9035,2026-02-20,69842
1372,5309,2026-02-20,4468
1373,7693,2026-02-20,192812
1374,7837,2026-02-20,66007
1375,7613,2026-02-20,125269
1376,14406,2026-02-20,284908
1377,557,2026-02-20,19275
1378,9234,2026-02-20,177159
1379,9061,2026-02-20,172518
1380,6468,2026-02-20,210346
1381,13405,2026-02-20,30566
1382,653,2026-02-20,88660
1383,11630,2026-02-20,47955
1384,11030,2026-02-20,9388
1385,2028,2026-02-20,100044
1386,7647,2026-02-20,69842
1387,6641,2026-02-20,20597
1388,6655,2026-02-20,37431
1389,3295,2026-02-20,133078
1390,10979,2026-02-20,49593
1391,5621,2026-02-20,29911
1392,4521,2026-02-20,32185
1393,1777,2026-02-20,187942
1394,10337,2026-02-20,77030
1395,10995,2026-02-20,41108
1396,1676,2026-02-20,333
1397,12696,2026-02-20,75161
1398,13326,2026-02-20,284908
1399,3562,2026-02-20,21947
1400,2649,2026-02-20,187942
1401,9259,2026-02-20,67255
1402,5131,2026-02-20,132597
1403,7857,2026-02-20,119127
1404,2405,2026-02-20,108782
1405,9721,2026-02-20,14784
1406,9021,2026-02-20,208656
1407,635,2026-02-20,104023
1408,887,2026-02-20,120437
1409,3345,2026-02-20,171161
1410,6582,2026-02-20,54517
1411,10543,2026-02-20,91430
1412,3777,2026-02-20,34127
1413,2951,2026-02-20,3707
1414,12567,2026-02-20,32710
1415,4459,2026-02-20,188824
1416,1050,2026-02-20,69539
1417,5460,2026-02-20,40871
1418,6101,2026-02-20,29620
1419,8999,2026-02-20,8937
1420,7559,2026-02-20,228574
1421,9022,2026-02-20,261304
1422,3690,2026-02-20,91268
1423,776,2026-02-20,31885
1424,4491,2026-02-20,40273
1425,5231,2026-02-20,29530
1426,14222,2026-02-20,7413
1427,9426,2026-02-20,33682
1428,7519,2026-02-20,21809
1429,158,2026-02-20,213041
1430,14547,2026-02-20,74709
1431,5418,2026-02-20,114085
1432,11476,2026-02-20,212468
1433,8695,2026-02-20,11827
1434,14804,2026-02-20,82586
1435,13789,2026-02-20,8780
1436,3075,2026-02-20,97395
1437,3267,2026-02-20,40000
1438,1580,2026-02-20,7955
1439,3121,2026-02-20,227682
1440,5619,2026-02-20,105344
1441,4660,2026-02-20,100873
1442,80,2026-02-20,56477
1443,2126,2026-02-20,233212
1444,7225,2026-02-20,8055
1445,6591,2026-02-20,49593
1446,11600,2026-02-20,39204
1447,4283,2026-02-20,119127
1448,7409,2026-02-20,198372
1449,1276,2026-02-20,220213
1450,7317,2026-02-20,85082
1451,2717,2026-02-20,20597
1452,12868,2026-02-20,142581
1453,12458,2026-02-20,19577
1454,14243,2026-02-20,170097
1455,14533,2026-02-20,179556
1456,6804,2026-02-20,25522
1457,11621,2026-02-20,18500
1458,3716,2026-02-20,197316
1459,2689,2026-02-20,45715
1460,11819,2026-02-20,5913
1461,5822,2026-02-20,34504
1462,1490,2026-02-20,173854
1463,9532,2026-02-20,40122
1464,579,2026-02-20,73964
1465,9314,2026-02-20,1882
1466,9303,2026-02-20,205366
1467,960,2026-02-20,96027
1468,5230,2026-02-20,2510
1469,4460,2026-02-20,91430
1470,13526,2026-02-20,36982
1471,7065,2026-02-20,107877
1472,5237,2026-02-20,39983
1473,8501,2026-02-20,82586
1474,11619,2026-02-20,47492
1475,13333,2026-02-20,155054
1476,3445,2026-02-20,104138
1477,11509,2026-02-20,205366
1478,135,2026-02-20,100876
1479,8056,2026-02-20,5742
1480,5142,2026-02-20,8391
1481,12568,2026-02-20,28337
1482,4134,2026-02-20,627
1483,5196,2026-02-20,93238
1484,8932,2026-02-20,193817
1485,1222,2026-02-20,132184
1486,9414,2026-02-20,9076
1487,4242,2026-02-20,255057
1488,4927,2026-02-20,147987
1489,2360,2026-02-20,151531
1490,3865,2026-02-20,84839
1491,6489,2026-02-20,73964
1492,7241,2026-02-20,46323
1493,4933,2026-02-20,197316
1494,6892,2026-02-20,22160
1495,764,2026-02-20,811
1496,13141,2026-02-20,45460
1497,5009,2026-02-20,166925
1498,3458,2026-02-20,31885
1499,7595,2026-02-20,44278
1500,1877,2026-02-20,182217
